artist,album,year,placement,genre,region,theme_label,description,critical_context,text,label
Jeremy Dutcher,Motewolonuwok,2024,winner,Indigenous/Classical,New Brunswick,Identity & Heritage,Indigenous classical/electronic music exploring Wolastoqey culture and language preservation,Combines traditional songs with contemporary arrangements,Album: Motewolonuwok | Artist: Jeremy Dutcher | Genre: Indigenous/Classical | Description: Indigenous classical/electronic music exploring Wolastoqey culture and language preservation | Context: Combines traditional songs with contemporary arrangements,1
Elisapie,Inuktitut,2024,longlist,Indigenous Folk,Quebec,Identity & Heritage,Indigenous folk music sung in Inuktitut language,Celebrates Inuit culture and language,Album: Inuktitut | Artist: Elisapie | Genre: Indigenous Folk | Description: Indigenous folk music sung in Inuktitut language | Context: Celebrates Inuit culture and language,1
Shane Ghostkeeper,Songs for My People,2024,longlist,Indigenous Folk,Alberta,Identity & Heritage,Indigenous folk exploring cultural identity,Personal journey through Indigenous heritage,Album: Songs for My People | Artist: Shane Ghostkeeper | Genre: Indigenous Folk | Description: Indigenous folk exploring cultural identity | Context: Personal journey through Indigenous heritage,1
Dominique Fils-Aimé,Our Roots Run Deep,2024,longlist,Soul/Jazz,Quebec,Identity & Heritage,Soul/jazz exploring African-Canadian heritage,Explores Black Canadian identity and roots,Album: Our Roots Run Deep | Artist: Dominique Fils-Aimé | Genre: Soul/Jazz | Description: Soul/jazz exploring African-Canadian heritage | Context: Explores Black Canadian identity and roots,1
DijahSB,The Flower That Knew,2024,longlist,Hip-Hop,Ontario,Social Commentary,Hip-hop with social consciousness and personal reflection,Addresses social issues and personal growth,Album: The Flower That Knew | Artist: DijahSB | Genre: Hip-Hop | Description: Hip-hop with social consciousness and personal reflection | Context: Addresses social issues and personal growth,5
NOBRO,Set Your Pussy Free,2024,longlist,Punk Rock,Quebec,Social Commentary,Punk rock with feminist themes,Feminist punk with empowering messages,Album: Set Your Pussy Free | Artist: NOBRO | Genre: Punk Rock | Description: Punk rock with feminist themes | Context: Feminist punk with empowering messages,5
The Beaches,Blame My Ex,2024,longlist,Rock,Ontario,Love & Relationships,Rock album about relationships and heartbreak,Explores romantic relationships and breakups,Album: Blame My Ex | Artist: The Beaches | Genre: Rock | Description: Rock album about relationships and heartbreak | Context: Explores romantic relationships and breakups,3
Charlotte Cardin,99 Nights,2024,longlist,Pop/R&B,Quebec,Love & Relationships,Pop/R&B album exploring love and relationships,Intimate exploration of love and desire,Album: 99 Nights | Artist: Charlotte Cardin | Genre: Pop/R&B | Description: Pop/R&B album exploring love and relationships | Context: Intimate exploration of love and desire,3
Allison Russell,The Returner,2024,longlist,Folk/Soul,Quebec,Love & Relationships,Folk/soul exploring healing and resilience,Personal journey of healing and family,Album: The Returner | Artist: Allison Russell | Genre: Folk/Soul | Description: Folk/soul exploring healing and resilience | Context: Personal journey of healing and family,3
TOBi,Panic,2024,longlist,Hip-Hop/R&B,Ontario,Introspection & Philosophy,Hip-hop/R&B exploring anxiety and mental health,Honest examination of mental health struggles,Album: Panic | Artist: TOBi | Genre: Hip-Hop/R&B | Description: Hip-hop/R&B exploring anxiety and mental health | Context: Honest examination of mental health struggles,2
Haley Blais,Wisecrack,2024,longlist,Indie Folk,British Columbia,Introspection & Philosophy,Indie folk with introspective lyrics,Self-reflective songwriting with vulnerability,Album: Wisecrack | Artist: Haley Blais | Genre: Indie Folk | Description: Indie folk with introspective lyrics | Context: Self-reflective songwriting with vulnerability,2
Helena Deland,Goodnight Summerland,2024,longlist,Indie Pop,Quebec,Introspection & Philosophy,Dreamy indie pop with introspective themes,Contemplative lyrics over ethereal soundscapes,Album: Goodnight Summerland | Artist: Helena Deland | Genre: Indie Pop | Description: Dreamy indie pop with introspective themes | Context: Contemplative lyrics over ethereal soundscapes,2
Terra Lightfoot,Healing Power,2024,longlist,Rock/Blues,Ontario,Introspection & Philosophy,Rock/blues about resilience and healing,Songs about overcoming adversity and healing,Album: Healing Power | Artist: Terra Lightfoot | Genre: Rock/Blues | Description: Rock/blues about resilience and healing | Context: Songs about overcoming adversity and healing,2
Beverly Glenn-Copeland,The Ones Ahead,2024,longlist,Electronic,New Brunswick,Introspection & Philosophy,Spiritual and philosophical electronic music,Spiritual themes and life philosophy,Album: The Ones Ahead | Artist: Beverly Glenn-Copeland | Genre: Electronic | Description: Spiritual and philosophical electronic music | Context: Spiritual themes and life philosophy,2
Corridor,Mimi,2024,longlist,Indie Rock,Quebec,Place & Landscape,Quebec indie rock with French lyrics,Distinctly Quebec indie rock sound,Album: Mimi | Artist: Corridor | Genre: Indie Rock | Description: Quebec indie rock with French lyrics | Context: Distinctly Quebec indie rock sound,4
Population II,Électrons libres du québec,2024,longlist,Psychedelic Rock,Quebec,Place & Landscape,Psychedelic rock from Quebec,Quebec psychedelic scene representation,Album: Électrons libres du québec | Artist: Population II | Genre: Psychedelic Rock | Description: Psychedelic rock from Quebec | Context: Quebec psychedelic scene representation,4
BIG|BRAVE,A Chaos of Flowers,2024,longlist,Experimental,Quebec,Experimental & Abstract,Experimental metal/drone music,Avant-garde approach to heavy music,Album: A Chaos of Flowers | Artist: BIG|BRAVE | Genre: Experimental | Description: Experimental metal/drone music | Context: Avant-garde approach to heavy music,0
Cindy Lee,Diamond Jubilee,2024,longlist,Experimental Pop,Ontario,Experimental & Abstract,Lo-fi experimental pop,Boundary-pushing approach to pop music,Album: Diamond Jubilee | Artist: Cindy Lee | Genre: Experimental Pop | Description: Lo-fi experimental pop | Context: Boundary-pushing approach to pop music,0
TEKE::TEKE,Hagata,2024,longlist,Experimental Rock,Quebec,Experimental & Abstract,Japanese-influenced experimental rock,Fusion of Japanese and Western musical elements,Album: Hagata | Artist: TEKE::TEKE | Genre: Experimental Rock | Description: Japanese-influenced experimental rock | Context: Fusion of Japanese and Western musical elements,0
Allie X,Girl With No Face,2024,longlist,Pop,Ontario,Introspection & Philosophy,Pop album exploring themes of identity and self-perception,Dark pop examining self-image and identity,Album: Girl With No Face | Artist: Allie X | Genre: Pop | Description: Pop album exploring themes of identity and self-perception | Context: Dark pop examining self-image and identity,2
BAMBII,INFINITY CLUB,2024,longlist,Electronic,Ontario,Experimental & Abstract,Electronic dance music project,Innovative electronic dance production,Album: INFINITY CLUB | Artist: BAMBII | Genre: Electronic | Description: Electronic dance music project | Context: Innovative electronic dance production,0
Annie-Claude Deschênes,LES MANIÈRES DE TABLE,2024,longlist,Experimental,Quebec,Experimental & Abstract,French-language experimental music,Avant-garde French experimental compositions,Album: LES MANIÈRES DE TABLE | Artist: Annie-Claude Deschênes | Genre: Experimental | Description: French-language experimental music | Context: Avant-garde French experimental compositions,0
Devours,Homecoming Queen,2024,longlist,Alternative Rock,Ontario,Love & Relationships,Alternative rock with personal themes,Rock exploring personal relationships and nostalgia,Album: Homecoming Queen | Artist: Devours | Genre: Alternative Rock | Description: Alternative rock with personal themes | Context: Rock exploring personal relationships and nostalgia,3
Ducks Ltd.,Harm's Way,2024,longlist,Indie Rock,Ontario,Love & Relationships,Indie rock with jangly guitars,Indie rock exploring romantic themes,Album: Harm's Way | Artist: Ducks Ltd. | Genre: Indie Rock | Description: Indie rock with jangly guitars | Context: Indie rock exploring romantic themes,3
Karkwa,Dans la seconde,2024,longlist,Indie Rock,Quebec,Place & Landscape,Quebec indie rock past Polaris winner,Distinctly Quebec indie rock with regional identity,Album: Dans la seconde | Artist: Karkwa | Genre: Indie Rock | Description: Quebec indie rock past Polaris winner | Context: Distinctly Quebec indie rock with regional identity,4
KAYTRAMINÉ,KAYTRAMINÉ,2024,longlist,Hip-Hop/Electronic,Quebec,Experimental & Abstract,Hip-hop collaboration featuring Kaytranada,Innovative hip-hop electronic collaboration,Album: KAYTRAMINÉ | Artist: KAYTRAMINÉ | Genre: Hip-Hop/Electronic | Description: Hip-hop collaboration featuring Kaytranada | Context: Innovative hip-hop electronic collaboration,0
KEN mode,Void,2024,longlist,Noise Rock,Manitoba,Social Commentary,Noise rock/hardcore punk,Aggressive punk addressing social alienation,Album: Void | Artist: KEN mode | Genre: Noise Rock | Description: Noise rock/hardcore punk | Context: Aggressive punk addressing social alienation,5
La Force,XO Skeleton,2024,longlist,Indie Pop,Quebec,Introspection & Philosophy,Indie pop with ethereal vocals,Dreamy indie pop with introspective themes,Album: XO Skeleton | Artist: La Force | Genre: Indie Pop | Description: Indie pop with ethereal vocals | Context: Dreamy indie pop with introspective themes,2
La Sécurité,Stay Safe!,2024,longlist,Post-Punk,Quebec,Social Commentary,Post-punk with French lyrics,Political post-punk addressing social issues,Album: Stay Safe! | Artist: La Sécurité | Genre: Post-Punk | Description: Post-punk with French lyrics | Context: Political post-punk addressing social issues,5
Sean Leon,IN LOVING MEMORY,2024,longlist,Hip-Hop,Ontario,Introspection & Philosophy,Hip-hop exploring grief and memory,Personal hip-hop about loss and remembrance,Album: IN LOVING MEMORY | Artist: Sean Leon | Genre: Hip-Hop | Description: Hip-hop exploring grief and memory | Context: Personal hip-hop about loss and remembrance,2
LOONY,LOONY,2024,longlist,R&B,Ontario,Love & Relationships,R&B with personal storytelling,Contemporary R&B exploring personal relationships,Album: LOONY | Artist: LOONY | Genre: R&B | Description: R&B with personal storytelling | Context: Contemporary R&B exploring personal relationships,3
Jon McKiel,Hex,2024,longlist,Indie Folk,Nova Scotia,Introspection & Philosophy,Indie folk with mystical themes,Maritime indie folk with spiritual elements,Album: Hex | Artist: Jon McKiel | Genre: Indie Folk | Description: Indie folk with mystical themes | Context: Maritime indie folk with spiritual elements,2
myst milano.,Beyond the Uncanny Valley,2024,longlist,Electronic/Hip-Hop,Quebec,Experimental & Abstract,Electronic/hip-hop with futuristic themes,Futuristic electronic hip-hop fusion,Album: Beyond the Uncanny Valley | Artist: myst milano. | Genre: Electronic/Hip-Hop | Description: Electronic/hip-hop with futuristic themes | Context: Futuristic electronic hip-hop fusion,0
NYSSA,Shake Me Where I'm Foolish,2024,longlist,Indie Pop,Ontario,Introspection & Philosophy,Indie pop with vulnerable lyrics,Vulnerable indie pop about self-doubt,Album: Shake Me Where I'm Foolish | Artist: NYSSA | Genre: Indie Pop | Description: Indie pop with vulnerable lyrics | Context: Vulnerable indie pop about self-doubt,2
Pelada,Ahora Más Que Nunca,2024,longlist,Electronic,Quebec,Experimental & Abstract,Electronic dance music,Experimental electronic dance,Album: Ahora Más Que Nunca | Artist: Pelada | Genre: Electronic | Description: Electronic dance music | Context: Experimental electronic dance,0
PETER PETER,Éther,2024,longlist,Experimental,Quebec,Experimental & Abstract,French-language experimental music,French experimental electronic compositions,Album: Éther | Artist: PETER PETER | Genre: Experimental | Description: French-language experimental music | Context: French experimental electronic compositions,0
Arielle Soucy,Il n'y a rien que je ne suis pas,2024,longlist,Indie Folk,Quebec,Introspection & Philosophy,French-language indie folk,Philosophical French indie folk,Album: Il n'y a rien que je ne suis pas | Artist: Arielle Soucy | Genre: Indie Folk | Description: French-language indie folk | Context: Philosophical French indie folk,2
Super Duty Tough Work,Paradigm Shift,2024,longlist,Experimental Rock,Ontario,Experimental & Abstract,Experimental rock,Avant-garde rock experimentation,Album: Paradigm Shift | Artist: Super Duty Tough Work | Genre: Experimental Rock | Description: Experimental rock | Context: Avant-garde rock experimentation,0
TALK,Lord of the Flies & Birds & Bees,2024,longlist,Indie Rock,Ontario,Social Commentary,Indie rock with literary themes,Literary indie rock addressing social themes,Album: Lord of the Flies & Birds & Bees | Artist: TALK | Genre: Indie Rock | Description: Indie rock with literary themes | Context: Literary indie rock addressing social themes,5
Tomb Mold,The Enduring Spirit,2024,longlist,Death Metal,Ontario,Introspection & Philosophy,Death metal with philosophical themes,Heavy metal exploring existential themes,Album: The Enduring Spirit | Artist: Tomb Mold | Genre: Death Metal | Description: Death metal with philosophical themes | Context: Heavy metal exploring existential themes,2
Debby Friday,Good Luck,2023,winner,Electronic/Experimental,Ontario,Introspection & Philosophy,Electronic/experimental music exploring identity and anxiety,Raw exploration of mental health and identity,Album: Good Luck | Artist: Debby Friday | Genre: Electronic/Experimental | Description: Electronic/experimental music exploring identity and anxiety | Context: Raw exploration of mental health and identity,2
Aysanabee,Watin,2023,longlist,Indigenous Folk,Ontario,Identity & Heritage,Indigenous folk exploring cultural identity,Ojibwe artist exploring Indigenous identity,Album: Watin | Artist: Aysanabee | Genre: Indigenous Folk | Description: Indigenous folk exploring cultural identity | Context: Ojibwe artist exploring Indigenous identity,1
Ghostkeeper,Multidimensional Culture,2023,longlist,Indigenous Folk,Alberta,Identity & Heritage,Indigenous experimental folk,Indigenous perspectives on contemporary culture,Album: Multidimensional Culture | Artist: Ghostkeeper | Genre: Indigenous Folk | Description: Indigenous experimental folk | Context: Indigenous perspectives on contemporary culture,1
Zoon,Bekka Ma'iingan,2023,longlist,Indigenous Rock,Ontario,Identity & Heritage,Indigenous shoegaze exploring cultural themes,Ojibwe shoegaze examining cultural identity,Album: Bekka Ma'iingan | Artist: Zoon | Genre: Indigenous Rock | Description: Indigenous shoegaze exploring cultural themes | Context: Ojibwe shoegaze examining cultural identity,1
Snotty Nose Rez Kids,I'm Good HBU?,2023,longlist,Indigenous Hip-Hop,British Columbia,Social Commentary,Indigenous hip-hop with social and political themes,Indigenous activism through hip-hop,Album: I'm Good HBU? | Artist: Snotty Nose Rez Kids | Genre: Indigenous Hip-Hop | Description: Indigenous hip-hop with social and political themes | Context: Indigenous activism through hip-hop,5
Home Front,Games of Power,2023,longlist,Punk Rock,Ontario,Social Commentary,Punk rock with political themes,Political punk addressing power structures,Album: Games of Power | Artist: Home Front | Genre: Punk Rock | Description: Punk rock with political themes | Context: Political punk addressing power structures,5
Aquakultre,Don't Trip,2023,longlist,Hip-Hop,Nova Scotia,Social Commentary,Hip-hop with social consciousness,Maritime hip-hop with social awareness,Album: Don't Trip | Artist: Aquakultre | Genre: Hip-Hop | Description: Hip-hop with social consciousness | Context: Maritime hip-hop with social awareness,5
Daniel Caesar,NEVER ENOUGH,2023,longlist,R&B,Ontario,Love & Relationships,R&B exploring love and desire,Intimate R&B about romantic relationships,Album: NEVER ENOUGH | Artist: Daniel Caesar | Genre: R&B | Description: R&B exploring love and desire | Context: Intimate R&B about romantic relationships,3
Jessie Reyez,Yessie,2023,longlist,R&B/Pop,Ontario,Love & Relationships,R&B/pop exploring personal relationships,Personal storytelling through R&B,Album: Yessie | Artist: Jessie Reyez | Genre: R&B/Pop | Description: R&B/pop exploring personal relationships | Context: Personal storytelling through R&B,3
Philippe Brach,Les gens qu'on aime,2023,longlist,Folk,Quebec,Love & Relationships,French-language folk about relationships,Quebec folk exploring human connections,Album: Les gens qu'on aime | Artist: Philippe Brach | Genre: Folk | Description: French-language folk about relationships | Context: Quebec folk exploring human connections,3
Feist,Multitudes,2023,longlist,Indie Folk,Ontario,Introspection & Philosophy,Indie folk exploring personal complexity,Mature reflection on life's contradictions,Album: Multitudes | Artist: Feist | Genre: Indie Folk | Description: Indie folk exploring personal complexity | Context: Mature reflection on life's contradictions,2
Andy Shauf,Norm,2023,longlist,Indie Folk,Saskatchewan,Introspection & Philosophy,Indie folk with introspective storytelling,Character studies and personal reflection,Album: Norm | Artist: Andy Shauf | Genre: Indie Folk | Description: Indie folk with introspective storytelling | Context: Character studies and personal reflection,2
Begonia,Powder Blue,2023,longlist,Folk-Pop,Manitoba,Introspection & Philosophy,Folk-pop with emotional depth,Vulnerable songwriting about mental health,Album: Powder Blue | Artist: Begonia | Genre: Folk-Pop | Description: Folk-pop with emotional depth | Context: Vulnerable songwriting about mental health,2
Alvvays,Blue Rev,2023,longlist,Dream Pop,Ontario,Place & Landscape,Dream pop with nostalgic themes,Maritime-influenced dream pop,Album: Blue Rev | Artist: Alvvays | Genre: Dream Pop | Description: Dream pop with nostalgic themes | Context: Maritime-influenced dream pop,4
Dan Mangan,Being Somewhere,2023,longlist,Indie Folk,British Columbia,Place & Landscape,Indie folk about place and belonging,Reflections on place and geography,Album: Being Somewhere | Artist: Dan Mangan | Genre: Indie Folk | Description: Indie folk about place and belonging | Context: Reflections on place and geography,4
BIG|BRAVE,nature morte,2023,longlist,Experimental,Quebec,Experimental & Abstract,Experimental drone/metal,Avant-garde approach to heavy music,Album: nature morte | Artist: BIG|BRAVE | Genre: Experimental | Description: Experimental drone/metal | Context: Avant-garde approach to heavy music,0
Yoo Doo Right,A Murmur Boundless to the East,2023,longlist,Experimental Rock,Quebec,Experimental & Abstract,Experimental rock with psychedelic elements,Psychedelic experimentation,Album: A Murmur Boundless to the East | Artist: Yoo Doo Right | Genre: Experimental Rock | Description: Experimental rock with psychedelic elements | Context: Psychedelic experimentation,0
ALL HANDS_MAKE LIGHT,Darling the Dawn,2023,longlist,Indie Folk,Ontario,Love & Relationships,Indie folk with poetic lyrics,Poetic indie folk about relationships,Album: Darling the Dawn | Artist: ALL HANDS_MAKE LIGHT | Genre: Indie Folk | Description: Indie folk with poetic lyrics | Context: Poetic indie folk about relationships,3
Badge Époque Ensemble,Clouds of Joy,2023,longlist,Jazz-Fusion,Ontario,Experimental & Abstract,Instrumental jazz-fusion,Experimental jazz fusion,Album: Clouds of Joy | Artist: Badge Époque Ensemble | Genre: Jazz-Fusion | Description: Instrumental jazz-fusion | Context: Experimental jazz fusion,0
Bibi Club,Le soleil et la mer,2023,longlist,Indie Pop,Quebec,Love & Relationships,French-language indie pop,French indie pop with romantic themes,Album: Le soleil et la mer | Artist: Bibi Club | Genre: Indie Pop | Description: French-language indie pop | Context: French indie pop with romantic themes,3
Mariel Buckley,Everywhere I Used To Be,2023,longlist,Country/Folk,Alberta,Place & Landscape,Country/folk exploring place and memory,Country music about geographical identity,Album: Everywhere I Used To Be | Artist: Mariel Buckley | Genre: Country/Folk | Description: Country/folk exploring place and memory | Context: Country music about geographical identity,4
Chiiild,Better Luck in the Next Life,2023,longlist,R&B/Soul,Quebec,Introspection & Philosophy,R&B/soul with spiritual themes,Spiritual R&B exploring consciousness,Album: Better Luck in the Next Life | Artist: Chiiild | Genre: R&B/Soul | Description: R&B/soul with spiritual themes | Context: Spiritual R&B exploring consciousness,2
Gayance,Mascarade,2023,longlist,Electronic,Quebec,Identity & Heritage,Electronic music exploring identity,Electronic music about cultural identity,Album: Mascarade | Artist: Gayance | Genre: Electronic | Description: Electronic music exploring identity | Context: Electronic music about cultural identity,1
JayWood,Slingshot,2023,longlist,Indie Pop,Ontario,Love & Relationships,Indie pop with playful arrangements,Playful indie pop about relationships,Album: Slingshot | Artist: JayWood | Genre: Indie Pop | Description: Indie pop with playful arrangements | Context: Playful indie pop about relationships,3
Khotin,Release Spirit,2023,longlist,Ambient Electronic,British Columbia,Experimental & Abstract,Ambient electronic music,Atmospheric electronic soundscapes,Album: Release Spirit | Artist: Khotin | Genre: Ambient Electronic | Description: Ambient electronic music | Context: Atmospheric electronic soundscapes,0
Thierry Larose,Sprint!,2023,longlist,Indie Rock,Quebec,Place & Landscape,French-language indie rock,Quebec indie rock with regional themes,Album: Sprint! | Artist: Thierry Larose | Genre: Indie Rock | Description: French-language indie rock | Context: Quebec indie rock with regional themes,4
Murray Lightburn,Once Upon a Time in Montreal,2023,longlist,Indie Rock,Quebec,Place & Landscape,Montreal indie rock with storytelling,Montreal-focused indie rock storytelling,Album: Once Upon a Time in Montreal | Artist: Murray Lightburn | Genre: Indie Rock | Description: Montreal indie rock with storytelling | Context: Montreal-focused indie rock storytelling,4
Isabella Lovestory,Amor Hardcore,2023,longlist,Reggaeton/Pop,Quebec,Love & Relationships,Bilingual reggaeton and pop fusion,Bilingual pop about love and desire,Album: Amor Hardcore | Artist: Isabella Lovestory | Genre: Reggaeton/Pop | Description: Bilingual reggaeton and pop fusion | Context: Bilingual pop about love and desire,3
N NAO,L'eau et les rêves,2023,longlist,Electronic,Quebec,Introspection & Philosophy,French-language electronic music,Dreamlike French electronic music,Album: L'eau et les rêves | Artist: N NAO | Genre: Electronic | Description: French-language electronic music | Context: Dreamlike French electronic music,2
Tami Neilson,Kingmaker,2023,longlist,Country,Ontario,Social Commentary,Country music with empowering themes,Empowering country music with feminist themes,Album: Kingmaker | Artist: Tami Neilson | Genre: Country | Description: Country music with empowering themes | Context: Empowering country music with feminist themes,5
Eliza Niemi,Staying Mellow Blows,2023,longlist,Indie Folk,Ontario,Introspection & Philosophy,Experimental indie folk,Experimental folk exploring mental states,Album: Staying Mellow Blows | Artist: Eliza Niemi | Genre: Indie Folk | Description: Experimental indie folk | Context: Experimental folk exploring mental states,2
Nico Paulo,Nico Paulo,2023,longlist,R&B,Ontario,Love & Relationships,Contemporary R&B,Contemporary R&B about relationships,Album: Nico Paulo | Artist: Nico Paulo | Genre: R&B | Description: Contemporary R&B | Context: Contemporary R&B about relationships,3
Planet Giza,Ready When You Are,2023,longlist,Hip-Hop,Ontario,Love & Relationships,Hip-hop with melodic elements,Melodic hip-hop about relationships,Album: Ready When You Are | Artist: Planet Giza | Genre: Hip-Hop | Description: Hip-hop with melodic elements | Context: Melodic hip-hop about relationships,3
poolblood,mole,2023,longlist,Indie Rock,Ontario,Introspection & Philosophy,Lo-fi indie rock with introspective lyrics,Lo-fi indie exploring personal themes,Album: mole | Artist: poolblood | Genre: Indie Rock | Description: Lo-fi indie rock with introspective lyrics | Context: Lo-fi indie exploring personal themes,2
The Sadies,Colder Streams,2023,longlist,Country Rock,Ontario,Place & Landscape,Canadian country rock traditions,Traditional Canadian country rock,Album: Colder Streams | Artist: The Sadies | Genre: Country Rock | Description: Canadian country rock traditions | Context: Traditional Canadian country rock,4
Jairus Sharif,Water & Tools,2023,longlist,Hip-Hop,Ontario,Social Commentary,Conscious hip-hop,Socially conscious hip-hop,Album: Water & Tools | Artist: Jairus Sharif | Genre: Hip-Hop | Description: Conscious hip-hop | Context: Socially conscious hip-hop,5
Dylan Sinclair,No Longer in the Suburbs,2023,longlist,R&B,Ontario,Introspection & Philosophy,Contemporary R&B about growing up,R&B exploring personal growth,Album: No Longer in the Suburbs | Artist: Dylan Sinclair | Genre: R&B | Description: Contemporary R&B about growing up | Context: R&B exploring personal growth,2
Alexandra Stréliski,Néo-Romance,2023,longlist,Neoclassical,Quebec,Love & Relationships,Minimalist piano compositions,Romantic neoclassical piano music,Album: Néo-Romance | Artist: Alexandra Stréliski | Genre: Neoclassical | Description: Minimalist piano compositions | Context: Romantic neoclassical piano music,3
U.S. Girls,Bless This Mess,2023,longlist,Art Pop,Ontario,Social Commentary,Art pop with social commentary,Feminist art pop addressing social issues,Album: Bless This Mess | Artist: U.S. Girls | Genre: Art Pop | Description: Art pop with social commentary | Context: Feminist art pop addressing social issues,5
Witch Prophet,Gateway Experience,2023,longlist,Hip-Hop/Soul,Ontario,Introspection & Philosophy,Spiritual hip-hop and soul,Metaphysical hip-hop exploring spirituality,Album: Gateway Experience | Artist: Witch Prophet | Genre: Hip-Hop/Soul | Description: Spiritual hip-hop and soul | Context: Metaphysical hip-hop exploring spirituality,2
AHI,Prospect,2022,longlist,Folk,Ontario,Identity & Heritage,Indigenous folk music,Indigenous artist exploring cultural themes,Album: Prospect | Artist: AHI | Genre: Folk | Description: Indigenous folk music | Context: Indigenous artist exploring cultural themes,1
Arcade Fire,WE,2022,longlist,Indie Rock,Quebec,Social Commentary,Indie rock exploring collective identity,Political indie rock about society and community,Album: WE | Artist: Arcade Fire | Genre: Indie Rock | Description: Indie rock exploring collective identity | Context: Political indie rock about society and community,5
Pierre Kwenders,José Louis And The Paradox Of Love,2022,winner,Afrobeat/Electronic,Quebec,Identity & Heritage,Afrobeat and electronic fusion,Congolese-Canadian artist exploring cultural identity,Album: José Louis And The Paradox Of Love | Artist: Pierre Kwenders | Genre: Afrobeat/Electronic | Description: Afrobeat and electronic fusion | Context: Congolese-Canadian artist exploring cultural identity,1
Backxwash,I LIE HERE BURIED WITH MY RINGS AND MY DRESSES,2022,longlist,Hip-Hop,Quebec,Social Commentary,Continued exploration of trans identity,Trans hip-hop addressing identity and society,Album: I LIE HERE BURIED WITH MY RINGS AND MY DRESSES | Artist: Backxwash | Genre: Hip-Hop | Description: Continued exploration of trans identity | Context: Trans hip-hop addressing identity and society,5
BADBADNOTGOOD,Talk Memory,2022,longlist,Jazz,Ontario,Experimental & Abstract,Contemporary jazz with hip-hop influences,Innovative jazz fusion,Album: Talk Memory | Artist: BADBADNOTGOOD | Genre: Jazz | Description: Contemporary jazz with hip-hop influences | Context: Innovative jazz fusion,0
Jean-Michel Blais,aubades,2022,longlist,Neoclassical,Quebec,Introspection & Philosophy,Minimalist piano compositions,Contemplative neoclassical piano,Album: aubades | Artist: Jean-Michel Blais | Genre: Neoclassical | Description: Minimalist piano compositions | Context: Contemplative neoclassical piano,2
Basia Bulat,The Garden,2022,longlist,Folk-Pop,Ontario,Love & Relationships,Folk-pop with orchestral arrangements,Folk-pop exploring personal relationships,Album: The Garden | Artist: Basia Bulat | Genre: Folk-Pop | Description: Folk-pop with orchestral arrangements | Context: Folk-pop exploring personal relationships,3
Tanika Charles,Papillon de Nuit: The Night Butterfly,2022,longlist,Soul/R&B,Ontario,Love & Relationships,Soul and R&B with vintage influences,Romantic soul and R&B,Album: Papillon de Nuit: The Night Butterfly | Artist: Tanika Charles | Genre: Soul/R&B | Description: Soul and R&B with vintage influences | Context: Romantic soul and R&B,3
Chiiild,Hope For Sale,2022,longlist,R&B,Quebec,Social Commentary,Contemporary R&B,R&B with social awareness themes,Album: Hope For Sale | Artist: Chiiild | Genre: R&B | Description: Contemporary R&B | Context: R&B with social awareness themes,5
Destroyer,LABYRINTHITIS,2022,longlist,Indie Rock,British Columbia,Introspection & Philosophy,Art rock with complex arrangements,Complex art rock exploring philosophical themes,Album: LABYRINTHITIS | Artist: Destroyer | Genre: Indie Rock | Description: Art rock with complex arrangements | Context: Complex art rock exploring philosophical themes,2
Julie Doiron,I Thought Of You,2022,longlist,Indie Folk,New Brunswick,Love & Relationships,Intimate indie folk,Personal indie folk about relationships,Album: I Thought Of You | Artist: Julie Doiron | Genre: Indie Folk | Description: Intimate indie folk | Context: Personal indie folk about relationships,3
The Garrys,Get Thee To A Nunnery,2022,longlist,Surf Rock,Saskatchewan,Experimental & Abstract,Surf rock with harmonies,Unique approach to surf rock,Album: Get Thee To A Nunnery | Artist: The Garrys | Genre: Surf Rock | Description: Surf rock with harmonies | Context: Unique approach to surf rock,0
The Halluci Nation,One More Saturday Night,2022,longlist,Electronic,Ontario,Identity & Heritage,Indigenous electronic music,Indigenous electronic music collective,Album: One More Saturday Night | Artist: The Halluci Nation | Genre: Electronic | Description: Indigenous electronic music | Context: Indigenous electronic music collective,1
Joyful Joyful,Joyful Joyful,2022,longlist,Gospel/Soul,Ontario,Introspection & Philosophy,Gospel-influenced soul music,Spiritual gospel-influenced music,Album: Joyful Joyful | Artist: Joyful Joyful | Genre: Gospel/Soul | Description: Gospel-influenced soul music | Context: Spiritual gospel-influenced music,2
Adria Kain,When Flowers Bloom,2022,longlist,Folk,Ontario,Love & Relationships,Contemporary folk,Folk music about growth and relationships,Album: When Flowers Bloom | Artist: Adria Kain | Genre: Folk | Description: Contemporary folk | Context: Folk music about growth and relationships,3
Lydia Képinski,Depuis,2022,longlist,Folk,Quebec,Love & Relationships,French-language folk,French folk exploring romantic themes,Album: Depuis | Artist: Lydia Képinski | Genre: Folk | Description: French-language folk | Context: French folk exploring romantic themes,3
Ada Lea,one hand on the steering wheel the other sewing a garden,2022,longlist,Indie Folk,Quebec,Introspection & Philosophy,Indie folk with poetic lyrics,Poetic indie folk with introspective themes,Album: one hand on the steering wheel the other sewing a garden | Artist: Ada Lea | Genre: Indie Folk | Description: Indie folk with poetic lyrics | Context: Poetic indie folk with introspective themes,2
Lisa Leblanc,Chiac Disco,2022,longlist,Folk/Rock,New Brunswick,Identity & Heritage,Acadian folk rock,Acadian cultural identity through folk rock,Album: Chiac Disco | Artist: Lisa Leblanc | Genre: Folk/Rock | Description: Acadian folk rock | Context: Acadian cultural identity through folk rock,1
Hubert Lenoir,PICTURA DE IPSE : Musique directe,2022,longlist,Art Pop,Quebec,Experimental & Abstract,Experimental art pop,Avant-garde Quebec art pop,Album: PICTURA DE IPSE : Musique directe | Artist: Hubert Lenoir | Genre: Art Pop | Description: Experimental art pop | Context: Avant-garde Quebec art pop,0
Luna Li,Duality,2022,longlist,Indie Pop,Ontario,Introspection & Philosophy,Dreamy indie pop,Introspective indie pop exploring duality,Album: Duality | Artist: Luna Li | Genre: Indie Pop | Description: Dreamy indie pop | Context: Introspective indie pop exploring duality,2
Les Louanges,Crash,2022,longlist,Indie Pop,Quebec,Love & Relationships,French-language indie pop,French indie pop about relationships,Album: Crash | Artist: Les Louanges | Genre: Indie Pop | Description: French-language indie pop | Context: French indie pop about relationships,3
LOONY,soft thing,2022,longlist,R&B,Ontario,Love & Relationships,Contemporary R&B,Personal R&B about relationships,Album: soft thing | Artist: LOONY | Genre: R&B | Description: Contemporary R&B | Context: Personal R&B about relationships,3
Kelly McMichael,Waves,2022,longlist,Folk,Ontario,Place & Landscape,Contemporary folk,Folk music with natural imagery,Album: Waves | Artist: Kelly McMichael | Genre: Folk | Description: Contemporary folk | Context: Folk music with natural imagery,4
Men I Trust,Untourable Album,2022,longlist,Indie Pop,Quebec,Love & Relationships,Dreamy indie pop,Romantic dreamy indie pop,Album: Untourable Album | Artist: Men I Trust | Genre: Indie Pop | Description: Dreamy indie pop | Context: Romantic dreamy indie pop,3
Haviah Mighty,Stock Exchange,2022,longlist,Hip-Hop,Ontario,Social Commentary,Conscious hip-hop,Socially conscious hip-hop,Album: Stock Exchange | Artist: Haviah Mighty | Genre: Hip-Hop | Description: Conscious hip-hop | Context: Socially conscious hip-hop,5
myst milano.,Shapeshyfter,2022,longlist,Electronic/Hip-Hop,Quebec,Experimental & Abstract,Electronic hip-hop fusion,Innovative electronic hip-hop,Album: Shapeshyfter | Artist: myst milano. | Genre: Electronic/Hip-Hop | Description: Electronic hip-hop fusion | Context: Innovative electronic hip-hop,0
Cedric Noel,Hang Time,2022,longlist,R&B,Ontario,Love & Relationships,Contemporary R&B,Contemporary R&B about relationships,Album: Hang Time | Artist: Cedric Noel | Genre: R&B | Description: Contemporary R&B | Context: Contemporary R&B about relationships,3
Ombiigizi,Sewn Back Together,2022,longlist,Indigenous Folk,Ontario,Identity & Heritage,Indigenous folk duo,Indigenous folk exploring cultural connection,Album: Sewn Back Together | Artist: Ombiigizi | Genre: Indigenous Folk | Description: Indigenous folk duo | Context: Indigenous folk exploring cultural connection,1
Orville Peck,Bronco,2022,longlist,Country,Alberta,Identity & Heritage,Alternative country with masked persona,Queer country exploring identity,Album: Bronco | Artist: Orville Peck | Genre: Country | Description: Alternative country with masked persona | Context: Queer country exploring identity,1
Ouri,Frame of a Fauna,2022,longlist,Electronic,Quebec,Experimental & Abstract,Experimental electronic music,Avant-garde electronic compositions,Album: Frame of a Fauna | Artist: Ouri | Genre: Electronic | Description: Experimental electronic music | Context: Avant-garde electronic compositions,0
P'tit Belliveau,Un homme et son piano,2022,longlist,Folk,Nova Scotia,Identity & Heritage,Acadian folk music,Acadian cultural identity,Album: Un homme et son piano | Artist: P'tit Belliveau | Genre: Folk | Description: Acadian folk music | Context: Acadian cultural identity,1
PUP,THE UNRAVELING OF PUPTHEBAND,2022,longlist,Punk Rock,Ontario,Introspection & Philosophy,Pop-punk with emotional themes,Emotional pop-punk about mental health,Album: THE UNRAVELING OF PUPTHEBAND | Artist: PUP | Genre: Punk Rock | Description: Pop-punk with emotional themes | Context: Emotional pop-punk about mental health,2
SATE,The Fool,2022,longlist,Rock,Ontario,Social Commentary,Rock with powerful vocals,Empowering rock with social themes,Album: The Fool | Artist: SATE | Genre: Rock | Description: Rock with powerful vocals | Context: Empowering rock with social themes,5
Shad,TAO,2022,longlist,Hip-Hop,Ontario,Introspection & Philosophy,Conscious hip-hop,Philosophical conscious hip-hop,Album: TAO | Artist: Shad | Genre: Hip-Hop | Description: Conscious hip-hop | Context: Philosophical conscious hip-hop,2
Sister Ray,Communion,2022,longlist,Post-Punk,Quebec,Experimental & Abstract,Post-punk revival,Experimental post-punk,Album: Communion | Artist: Sister Ray | Genre: Post-Punk | Description: Post-punk revival | Context: Experimental post-punk,0
Snotty Nose Rez Kids,Life After,2022,longlist,Indigenous Hip-Hop,British Columbia,Social Commentary,Indigenous hip-hop,Indigenous hip-hop activism,Album: Life After | Artist: Snotty Nose Rez Kids | Genre: Indigenous Hip-Hop | Description: Indigenous hip-hop | Context: Indigenous hip-hop activism,5
Stars,From Capelton Hill,2022,longlist,Indie Rock,Quebec,Place & Landscape,Montreal indie rock,Montreal indie rock with regional themes,Album: From Capelton Hill | Artist: Stars | Genre: Indie Rock | Description: Montreal indie rock | Context: Montreal indie rock with regional themes,4
Tanya Tagaq,Tongues,2022,longlist,Experimental,Nunavut,Identity & Heritage,Inuit throat singing,Traditional Inuit throat singing,Album: Tongues | Artist: Tanya Tagaq | Genre: Experimental | Description: Inuit throat singing | Context: Traditional Inuit throat singing,1
The Weeknd,Dawn FM,2022,longlist,R&B/Pop,Ontario,Love & Relationships,Conceptual R&B album,Cinematic R&B exploring relationships,Album: Dawn FM | Artist: The Weeknd | Genre: R&B/Pop | Description: Conceptual R&B album | Context: Cinematic R&B exploring relationships,3
Charlotte Day Wilson,ALPHA,2022,longlist,R&B,Ontario,Love & Relationships,Contemporary R&B,Contemporary R&B about relationships,Album: ALPHA | Artist: Charlotte Day Wilson | Genre: R&B | Description: Contemporary R&B | Context: Contemporary R&B about relationships,3
Art Bergmann,Late Stage Empire Dementia,2021,longlist,Punk Rock,British Columbia,Social Commentary,Punk rock with political themes,Political punk addressing capitalism,Album: Late Stage Empire Dementia | Artist: Art Bergmann | Genre: Punk Rock | Description: Punk rock with political themes | Context: Political punk addressing capitalism,5
Bernice,Eau De Bonjourno,2021,longlist,Art Pop,Ontario,Experimental & Abstract,Experimental art pop,Avant-garde art pop,Album: Eau De Bonjourno | Artist: Bernice | Genre: Art Pop | Description: Experimental art pop | Context: Avant-garde art pop,0
The Besnard Lakes,The Besnard Lakes Are the Last of the Great Thunderstorm Warnings,2021,longlist,Indie Rock,Quebec,Place & Landscape,Psychedelic indie rock,Psychedelic rock with environmental themes,Album: The Besnard Lakes Are the Last of the Great Thunderstorm Warnings | Artist: The Besnard Lakes | Genre: Indie Rock | Description: Psychedelic indie rock | Context: Psychedelic rock with environmental themes,4
Leanne Betasamosake Simpson,Theory of Ice,2021,longlist,Indigenous Folk,Ontario,Identity & Heritage,Indigenous storytelling and music,Indigenous knowledge through music,Album: Theory of Ice | Artist: Leanne Betasamosake Simpson | Genre: Indigenous Folk | Description: Indigenous storytelling and music | Context: Indigenous knowledge through music,1
Big Brave,Vital,2021,longlist,Experimental,Quebec,Experimental & Abstract,Experimental drone metal,Experimental heavy music,Album: Vital | Artist: Big Brave | Genre: Experimental | Description: Experimental drone metal | Context: Experimental heavy music,0
Cadence Weapon,Parallel World,2021,winner,Hip-Hop,Alberta,Social Commentary,Political hip-hop,Political rap addressing social issues,Album: Parallel World | Artist: Cadence Weapon | Genre: Hip-Hop | Description: Political hip-hop | Context: Political rap addressing social issues,5
Charlotte Cardin,Phoenix,2021,longlist,Pop,Quebec,Love & Relationships,Bilingual pop music,Bilingual pop about relationships,Album: Phoenix | Artist: Charlotte Cardin | Genre: Pop | Description: Bilingual pop music | Context: Bilingual pop about relationships,3
CFCF,memoryland,2021,longlist,Electronic,Quebec,Experimental & Abstract,Ambient electronic music,Atmospheric electronic soundscapes,Album: memoryland | Artist: CFCF | Genre: Electronic | Description: Ambient electronic music | Context: Atmospheric electronic soundscapes,0
Clairmont The Second,It's Not How It Sounds,2021,longlist,Hip-Hop,Ontario,Social Commentary,Contemporary hip-hop,Hip-hop with social consciousness,Album: It's Not How It Sounds | Artist: Clairmont The Second | Genre: Hip-Hop | Description: Contemporary hip-hop | Context: Hip-hop with social consciousness,5
Helena Deland,Someone New,2021,longlist,Indie Pop,Quebec,Love & Relationships,Dreamy indie pop,Indie pop about relationships and identity,Album: Someone New | Artist: Helena Deland | Genre: Indie Pop | Description: Dreamy indie pop | Context: Indie pop about relationships and identity,3
DijahSB,Head Above the Waters,2021,longlist,Hip-Hop,Ontario,Social Commentary,Conscious hip-hop,Socially conscious hip-hop,Album: Head Above the Waters | Artist: DijahSB | Genre: Hip-Hop | Description: Conscious hip-hop | Context: Socially conscious hip-hop,5
Kathleen Edwards,Total Freedom,2021,longlist,Alt-Country,Ontario,Introspection & Philosophy,Alternative country,Personal alt-country about freedom,Album: Total Freedom | Artist: Kathleen Edwards | Genre: Alt-Country | Description: Alternative country | Context: Personal alt-country about freedom,2
Dominique Fils-Aimé,Three Little Words,2021,longlist,Jazz/Soul,Quebec,Love & Relationships,Contemporary jazz and soul,Jazz and soul exploring love,Album: Three Little Words | Artist: Dominique Fils-Aimé | Genre: Jazz/Soul | Description: Contemporary jazz and soul | Context: Jazz and soul exploring love,3
Fiver with the Atlantic School of Spontaneous Composition,Fiver with the Atlantic School of Spontaneous Composition,2021,longlist,Experimental,Nova Scotia,Experimental & Abstract,Collaborative experimental music,Maritime experimental collaboration,Album: Fiver with the Atlantic School of Spontaneous Composition | Artist: Fiver with the Atlantic School of Spontaneous Composition | Genre: Experimental | Description: Collaborative experimental music | Context: Maritime experimental collaboration,0
Thanya Iyer,KIND,2021,longlist,R&B/Soul,Ontario,Introspection & Philosophy,Contemporary R&B and soul,Spiritual R&B exploring kindness,Album: KIND | Artist: Thanya Iyer | Genre: R&B/Soul | Description: Contemporary R&B and soul | Context: Spiritual R&B exploring kindness,2
Yves Jarvis,Sundry Rock Song Stock,2021,longlist,Experimental,Quebec,Experimental & Abstract,Experimental indie rock,Avant-garde indie rock,Album: Sundry Rock Song Stock | Artist: Yves Jarvis | Genre: Experimental | Description: Experimental indie rock | Context: Avant-garde indie rock,0
Rochelle Jordan,Play with the Changes,2021,longlist,R&B,Ontario,Love & Relationships,Contemporary R&B,Contemporary R&B about relationships,Album: Play with the Changes | Artist: Rochelle Jordan | Genre: R&B | Description: Contemporary R&B | Context: Contemporary R&B about relationships,3
LAL,Meteors Could Come Down,2021,longlist,Electronic,Ontario,Social Commentary,Electronic music with social themes,Electronic music addressing social issues,Album: Meteors Could Come Down | Artist: LAL | Genre: Electronic | Description: Electronic music with social themes | Context: Electronic music addressing social issues,5
Daniel Lanois,Heavy Sun,2021,longlist,Folk/Rock,Ontario,Place & Landscape,Atmospheric folk rock,Atmospheric folk rock with Canadian themes,Album: Heavy Sun | Artist: Daniel Lanois | Genre: Folk/Rock | Description: Atmospheric folk rock | Context: Atmospheric folk rock with Canadian themes,4
Thierry Larose,Cantalou,2021,longlist,Folk,Quebec,Place & Landscape,French-language folk,Quebec folk with regional identity,Album: Cantalou | Artist: Thierry Larose | Genre: Folk | Description: French-language folk | Context: Quebec folk with regional identity,4
Russell Louder,Humor,2021,longlist,Electronic,Prince Edward Island,Identity & Heritage,Electronic music with gender themes,Electronic music exploring gender identity,Album: Humor | Artist: Russell Louder | Genre: Electronic | Description: Electronic music with gender themes | Context: Electronic music exploring gender identity,1
Elliot Maginot,Easy Morning,2021,longlist,Jazz,Ontario,Experimental & Abstract,Contemporary jazz,Contemporary jazz exploration,Album: Easy Morning | Artist: Elliot Maginot | Genre: Jazz | Description: Contemporary jazz | Context: Contemporary jazz exploration,0
Mustafa,When Smoke Rises,2021,longlist,R&B/Folk,Ontario,Introspection & Philosophy,R&B and folk with spiritual themes,Spiritual R&B exploring healing,Album: When Smoke Rises | Artist: Mustafa | Genre: R&B/Folk | Description: R&B and folk with spiritual themes | Context: Spiritual R&B exploring healing,2
Laura Niquay,Waska Matisiwin,2021,longlist,Indigenous Folk,Quebec,Identity & Heritage,Indigenous folk in Atikamekw language,Atikamekw language folk music,Album: Waska Matisiwin | Artist: Laura Niquay | Genre: Indigenous Folk | Description: Indigenous folk in Atikamekw language | Context: Atikamekw language folk music,1
NYSSA,Girls Like Me,2021,longlist,Indie Pop,Ontario,Identity & Heritage,Indie pop exploring identity,Indie pop about gender and identity,Album: Girls Like Me | Artist: NYSSA | Genre: Indie Pop | Description: Indie pop exploring identity | Context: Indie pop about gender and identity,1
The OBGMs,The Ends,2021,longlist,Punk Rock,Ontario,Social Commentary,Punk rock with social commentary,Punk rock addressing social issues,Album: The Ends | Artist: The OBGMs | Genre: Punk Rock | Description: Punk rock with social commentary | Context: Punk rock addressing social issues,5
Dorothea Paas,Anything Can't Happen,2021,longlist,Experimental Folk,Ontario,Experimental & Abstract,Experimental folk with unconventional structures,Avant-garde folk experimentation,Album: Anything Can't Happen | Artist: Dorothea Paas | Genre: Experimental Folk | Description: Experimental folk with unconventional structures | Context: Avant-garde folk experimentation,0
Klô Pelgag,Notre-Dame-des-Sept-Douleurs,2021,longlist,Art Pop,Quebec,Place & Landscape,French-language art pop,Quebec art pop with regional themes,Album: Notre-Dame-des-Sept-Douleurs | Artist: Klô Pelgag | Genre: Art Pop | Description: French-language art pop | Context: Quebec art pop with regional themes,4
Savannah Ré,Opia,2021,longlist,R&B,Ontario,Love & Relationships,Contemporary R&B,Contemporary R&B about relationships,Album: Opia | Artist: Savannah Ré | Genre: R&B | Description: Contemporary R&B | Context: Contemporary R&B about relationships,3
Allison Russell,Outside Child,2021,longlist,Folk/Soul,Quebec,Identity & Heritage,Folk and soul exploring personal history,Folk and soul about personal and family history,Album: Outside Child | Artist: Allison Russell | Genre: Folk/Soul | Description: Folk and soul exploring personal history | Context: Folk and soul about personal and family history,1
Julien Sagot,Sagot,2021,longlist,Folk,Quebec,Love & Relationships,French-language folk,French folk about relationships,Album: Sagot | Artist: Julien Sagot | Genre: Folk | Description: French-language folk | Context: French folk about relationships,3
Sargeant X Comrade,Magic Radio,2021,longlist,Electronic,Ontario,Social Commentary,Electronic music with political themes,Electronic music addressing political issues,Album: Magic Radio | Artist: Sargeant X Comrade | Genre: Electronic | Description: Electronic music with political themes | Context: Electronic music addressing political issues,5
Shabason Krgovich & Harris,Philadelphia,2021,longlist,Jazz,Ontario,Experimental & Abstract,Collaborative jazz project,Experimental jazz collaboration,Album: Philadelphia | Artist: Shabason Krgovich & Harris | Genre: Jazz | Description: Collaborative jazz project | Context: Experimental jazz collaboration,0
Yu Su,Yellow River Blue,2021,longlist,Electronic,British Columbia,Place & Landscape,Ambient electronic music,Electronic music with geographical themes,Album: Yellow River Blue | Artist: Yu Su | Genre: Electronic | Description: Ambient electronic music | Context: Electronic music with geographical themes,4
Julian Taylor,The Ridge,2021,longlist,Folk/Rock,Ontario,Identity & Heritage,Indigenous folk rock,Indigenous folk rock,Album: The Ridge | Artist: Julian Taylor | Genre: Folk/Rock | Description: Indigenous folk rock | Context: Indigenous folk rock,1
TEKE::TEKE,Shirushi,2021,longlist,Experimental Rock,Quebec,Experimental & Abstract,Japanese-influenced experimental rock,Japanese-influenced experimental music,Album: Shirushi | Artist: TEKE::TEKE | Genre: Experimental Rock | Description: Japanese-influenced experimental rock | Context: Japanese-influenced experimental music,0
TOBi,Elements Vol. 1,2021,longlist,Hip-Hop/R&B,Ontario,Introspection & Philosophy,Hip-hop and R&B fusion,Personal hip-hop and R&B,Album: Elements Vol. 1 | Artist: TOBi | Genre: Hip-Hop/R&B | Description: Hip-hop and R&B fusion | Context: Personal hip-hop and R&B,2
Vagina Witchcraft,Vagina Witchcraft,2021,longlist,Experimental,Ontario,Social Commentary,Experimental feminist music,Feminist experimental music,Album: Vagina Witchcraft | Artist: Vagina Witchcraft | Genre: Experimental | Description: Experimental feminist music | Context: Feminist experimental music,5
The Weather Station,Ignorance,2021,longlist,Indie Folk,Ontario,Place & Landscape,Environmental themes in indie folk,Environmental indie folk,Album: Ignorance | Artist: The Weather Station | Genre: Indie Folk | Description: Environmental themes in indie folk | Context: Environmental indie folk,4
Zoon,Bleached Wavves,2021,longlist,Indigenous Rock,Ontario,Identity & Heritage,Indigenous shoegaze,Indigenous shoegaze exploring identity,Album: Bleached Wavves | Artist: Zoon | Genre: Indigenous Rock | Description: Indigenous shoegaze | Context: Indigenous shoegaze exploring identity,1
Backxwash,God Has Nothing To Do With This Leave Him Out Of It,2020,winner,Hip-Hop/Electronic,Quebec,Social Commentary,Trans rapper exploring identity religion and social marginalization,Groundbreaking trans hip-hop addressing faith and identity,Album: God Has Nothing To Do With This Leave Him Out Of It | Artist: Backxwash | Genre: Hip-Hop/Electronic | Description: Trans rapper exploring identity religion and social marginalization | Context: Groundbreaking trans hip-hop addressing faith and identity,5
nêhiyawak,nipiy,2020,longlist,Indigenous Electronic,Alberta,Identity & Heritage,Indigenous electronic music exploring Cree culture and language,Cree language electronic music blending tradition and modernity,Album: nipiy | Artist: nêhiyawak | Genre: Indigenous Electronic | Description: Indigenous electronic music exploring Cree culture and language | Context: Cree language electronic music blending tradition and modernity,1
Pantayo,Pantayo,2020,longlist,World/Electronic,Ontario,Identity & Heritage,Filipino-Canadian electronic music exploring cultural identity,Innovative blend of traditional Filipino music and electronics,Album: Pantayo | Artist: Pantayo | Genre: World/Electronic | Description: Filipino-Canadian electronic music exploring cultural identity | Context: Innovative blend of traditional Filipino music and electronics,1
Lido Pimienta,Miss Colombia,2020,longlist,Latin/Electronic,Ontario,Identity & Heritage,Colombian-Canadian artist exploring Latin identity and displacement,Bold exploration of Colombian identity in Canadian context,Album: Miss Colombia | Artist: Lido Pimienta | Genre: Latin/Electronic | Description: Colombian-Canadian artist exploring Latin identity and displacement | Context: Bold exploration of Colombian identity in Canadian context,1
WHOOP-Szo,Warrior Down,2020,longlist,Indigenous Rock,Ontario,Identity & Heritage,Indigenous punk rock exploring cultural identity and resistance,Indigenous punk addressing colonialism and resistance,Album: Warrior Down | Artist: WHOOP-Szo | Genre: Indigenous Rock | Description: Indigenous punk rock exploring cultural identity and resistance | Context: Indigenous punk addressing colonialism and resistance,1
U.S. Girls,Heavy Light,2020,longlist,Art Pop,Ontario,Social Commentary,Art pop addressing gender inequality and social issues,Feminist themes over sophisticated pop arrangements,Album: Heavy Light | Artist: U.S. Girls | Genre: Art Pop | Description: Art pop addressing gender inequality and social issues | Context: Feminist themes over sophisticated pop arrangements,5
Caribou,Suddenly,2020,longlist,Electronic,Ontario,Love & Relationships,Electronic music exploring family and domestic life,Personal electronic music about fatherhood and relationships,Album: Suddenly | Artist: Caribou | Genre: Electronic | Description: Electronic music exploring family and domestic life | Context: Personal electronic music about fatherhood and relationships,3
The Weeknd,After Hours,2020,longlist,R&B/Pop,Ontario,Love & Relationships,Dark R&B exploring heartbreak and relationships,Cinematic exploration of toxic relationships,Album: After Hours | Artist: The Weeknd | Genre: R&B/Pop | Description: Dark R&B exploring heartbreak and relationships | Context: Cinematic exploration of toxic relationships,3
Jessie Reyez,BEFORE LOVE CAME TO KILL US,2020,longlist,R&B/Pop,Ontario,Love & Relationships,R&B album about love heartbreak and relationships,Vulnerable exploration of romantic relationships,Album: BEFORE LOVE CAME TO KILL US | Artist: Jessie Reyez | Genre: R&B/Pop | Description: R&B album about love heartbreak and relationships | Context: Vulnerable exploration of romantic relationships,3
Men I Trust,Oncle Jazz,2020,longlist,Indie Pop,Quebec,Love & Relationships,Dreamy indie pop with romantic themes,Ethereal indie pop with French-Canadian charm,Album: Oncle Jazz | Artist: Men I Trust | Genre: Indie Pop | Description: Dreamy indie pop with romantic themes | Context: Ethereal indie pop with French-Canadian charm,3
Daniel Caesar,CASE STUDY 01,2020,longlist,R&B,Ontario,Love & Relationships,R&B exploring love spirituality and relationships,Soulful R&B with gospel influences,Album: CASE STUDY 01 | Artist: Daniel Caesar | Genre: R&B | Description: R&B exploring love spirituality and relationships | Context: Soulful R&B with gospel influences,3
Andy Shauf,The Neon Skyline,2020,longlist,Indie Folk,Saskatchewan,Introspection & Philosophy,Narrative indie folk exploring human behavior and observation,Character studies set in a Saskatchewan bar,Album: The Neon Skyline | Artist: Andy Shauf | Genre: Indie Folk | Description: Narrative indie folk exploring human behavior and observation | Context: Character studies set in a Saskatchewan bar,2
Owen Pallett,Island,2020,longlist,Chamber Pop,Ontario,Introspection & Philosophy,Orchestral indie pop with personal and philosophical themes,Complex arrangements exploring personal transformation,Album: Island | Artist: Owen Pallett | Genre: Chamber Pop | Description: Orchestral indie pop with personal and philosophical themes | Context: Complex arrangements exploring personal transformation,2
Begonia,Fear,2020,longlist,Folk-Pop,Manitoba,Introspection & Philosophy,Folk-pop exploring anxiety mental health and fear,Vulnerable songwriting about mental health struggles,Album: Fear | Artist: Begonia | Genre: Folk-Pop | Description: Folk-pop exploring anxiety mental health and fear | Context: Vulnerable songwriting about mental health struggles,2
Witch Prophet,DNA Activation,2020,longlist,Hip-Hop/Soul,Ontario,Introspection & Philosophy,Spiritual hip-hop exploring consciousness and self-discovery,Metaphysical themes through hip-hop and soul,Album: DNA Activation | Artist: Witch Prophet | Genre: Hip-Hop/Soul | Description: Spiritual hip-hop exploring consciousness and self-discovery | Context: Metaphysical themes through hip-hop and soul,2
William Prince,Reliever,2020,longlist,Country/Folk,Manitoba,Introspection & Philosophy,Indigenous country/folk exploring personal healing and spirituality,Soulful country music with Indigenous perspective,Album: Reliever | Artist: William Prince | Genre: Country/Folk | Description: Indigenous country/folk exploring personal healing and spirituality | Context: Soulful country music with Indigenous perspective,2
Corridor,Junior,2020,longlist,Indie Rock,Quebec,Place & Landscape,Quebec indie rock with French lyrics,Distinctly Quebec indie rock sound and perspective,Album: Junior | Artist: Corridor | Genre: Indie Rock | Description: Quebec indie rock with French lyrics | Context: Distinctly Quebec indie rock sound and perspective,4
Sarah Harmer,Are You Gone,2020,longlist,Folk,Ontario,Place & Landscape,Folk music about environmental activism and place,Environmental themes and connection to Canadian landscape,Album: Are You Gone | Artist: Sarah Harmer | Genre: Folk | Description: Folk music about environmental activism and place | Context: Environmental themes and connection to Canadian landscape,4
Kaytranada,Bubba,2020,longlist,Electronic/Hip-Hop,Quebec,Experimental & Abstract,Electronic music with hip-hop and house influences,Innovative electronic production with R&B collaborations,Album: Bubba | Artist: Kaytranada | Genre: Electronic/Hip-Hop | Description: Electronic music with hip-hop and house influences | Context: Innovative electronic production with R&B collaborations,0
Cindy Lee,What's Tonight To Eternity?,2020,longlist,Experimental Pop,Ontario,Experimental & Abstract,Lo-fi experimental pop exploring gender and identity,Boundary-pushing experimental pop with gender themes,Album: What's Tonight To Eternity? | Artist: Cindy Lee | Genre: Experimental Pop | Description: Lo-fi experimental pop exploring gender and identity | Context: Boundary-pushing experimental pop with gender themes,0
Allie X,Cape God,2020,longlist,Pop,Ontario,Introspection & Philosophy,Dark pop exploring personal themes,Dark pop examining mental health and identity,Album: Cape God | Artist: Allie X | Genre: Pop | Description: Dark pop exploring personal themes | Context: Dark pop examining mental health and identity,2
Anachnid,Dreamweaver,2020,longlist,Electronic,Ontario,Identity & Heritage,Electronic music with Indigenous themes,Indigenous electronic artist exploring cultural themes,Album: Dreamweaver | Artist: Anachnid | Genre: Electronic | Description: Electronic music with Indigenous themes | Context: Indigenous electronic artist exploring cultural themes,1
Aquakultre,Legacy,2020,longlist,Hip-Hop,Nova Scotia,Social Commentary,Maritime hip-hop,Hip-hop with social consciousness from Nova Scotia,Album: Legacy | Artist: Aquakultre | Genre: Hip-Hop | Description: Maritime hip-hop | Context: Hip-hop with social consciousness from Nova Scotia,5
Marie-Pierre Arthur,Des feux pour voir,2020,longlist,Folk,Quebec,Love & Relationships,French-language folk,French folk exploring romantic themes,Album: Des feux pour voir | Artist: Marie-Pierre Arthur | Genre: Folk | Description: French-language folk | Context: French folk exploring romantic themes,3
Badge Époque Ensemble,Badge Époque Ensemble,2020,longlist,Jazz-Fusion,Ontario,Experimental & Abstract,Instrumental jazz fusion,Experimental jazz fusion,Album: Badge Époque Ensemble | Artist: Badge Époque Ensemble | Genre: Jazz-Fusion | Description: Instrumental jazz fusion | Context: Experimental jazz fusion,0
P'tit Belliveau,Greatest Hits Vol. 1,2020,longlist,Folk,Nova Scotia,Identity & Heritage,Acadian folk humor,Acadian cultural identity with humor,Album: Greatest Hits Vol. 1 | Artist: P'tit Belliveau | Genre: Folk | Description: Acadian folk humor | Context: Acadian cultural identity with humor,1
Chocolat,Jazz engagé,2020,longlist,Jazz,Quebec,Social Commentary,Socially conscious jazz,Jazz addressing social and political issues,Album: Jazz engagé | Artist: Chocolat | Genre: Jazz | Description: Socially conscious jazz | Context: Jazz addressing social and political issues,5
Louis-Jean Cormier,Quand la nuit tombe,2020,longlist,Folk/Rock,Quebec,Love & Relationships,French-language folk rock,French folk rock about relationships,Album: Quand la nuit tombe | Artist: Louis-Jean Cormier | Genre: Folk/Rock | Description: French-language folk rock | Context: French folk rock about relationships,3
dvsn,A Muse In Her Feelings,2020,longlist,R&B,Ontario,Love & Relationships,Contemporary R&B,Contemporary R&B exploring relationships,Album: A Muse In Her Feelings | Artist: dvsn | Genre: R&B | Description: Contemporary R&B | Context: Contemporary R&B exploring relationships,3
Jacques Greene,Dawn Chorus,2020,longlist,Electronic,Quebec,Experimental & Abstract,House and electronic music,Electronic house music,Album: Dawn Chorus | Artist: Jacques Greene | Genre: Electronic | Description: House and electronic music | Context: Electronic house music,0
Ice Cream,FED UP,2020,longlist,Punk Rock,Ontario,Social Commentary,Feminist punk rock,Feminist punk addressing social issues,Album: FED UP | Artist: Ice Cream | Genre: Punk Rock | Description: Feminist punk rock | Context: Feminist punk addressing social issues,5
Junia-T,Studio Monk,2020,longlist,Hip-Hop,Ontario,Social Commentary,Conscious hip-hop,Socially conscious hip-hop,Album: Studio Monk | Artist: Junia-T | Genre: Hip-Hop | Description: Conscious hip-hop | Context: Socially conscious hip-hop,5
Flore Laurentienne,Volume 1,2020,longlist,Folk,Quebec,Place & Landscape,Quebec experimental folk,Quebec folk with regional themes,Album: Volume 1 | Artist: Flore Laurentienne | Genre: Folk | Description: Quebec experimental folk | Context: Quebec folk with regional themes,4
OBUXUM,Re-Birth,2020,longlist,Hip-Hop/Soul,Ontario,Introspection & Philosophy,Spiritual hip-hop and soul,Spiritual hip-hop exploring consciousness,Album: Re-Birth | Artist: OBUXUM | Genre: Hip-Hop/Soul | Description: Spiritual hip-hop and soul | Context: Spiritual hip-hop exploring consciousness,2
Joel Plaskett,44,2020,longlist,Folk/Rock,Nova Scotia,Place & Landscape,Maritime folk rock,Maritime folk rock with regional identity,Album: 44 | Artist: Joel Plaskett | Genre: Folk/Rock | Description: Maritime folk rock | Context: Maritime folk rock with regional identity,4
Riit,ataataga,2020,longlist,Indigenous Pop,Nunavut,Identity & Heritage,Inuit pop music,Inuit pop exploring cultural identity,Album: ataataga | Artist: Riit | Genre: Indigenous Pop | Description: Inuit pop music | Context: Inuit pop exploring cultural identity,1
Super Duty Tough Work,Studies in Grey,2020,longlist,Experimental Rock,Ontario,Experimental & Abstract,Experimental rock,Avant-garde rock experimentation,Album: Studies in Grey | Artist: Super Duty Tough Work | Genre: Experimental Rock | Description: Experimental rock | Context: Avant-garde rock experimentation,0
Leif Vollebekk,New Ways,2020,longlist,Folk,Quebec,Introspection & Philosophy,Introspective folk,Personal folk exploring new perspectives,Album: New Ways | Artist: Leif Vollebekk | Genre: Folk | Description: Introspective folk | Context: Personal folk exploring new perspectives,2
Wares,Survival,2020,longlist,Punk Rock,Alberta,Social Commentary,Punk rock with personal themes,Punk rock addressing personal and social struggles,Album: Survival | Artist: Wares | Genre: Punk Rock | Description: Punk rock with personal themes | Context: Punk rock addressing personal and social struggles,5
Zen Bamboo,GLU,2020,longlist,Electronic,Ontario,Experimental & Abstract,Electronic music,Experimental electronic compositions,Album: GLU | Artist: Zen Bamboo | Genre: Electronic | Description: Electronic music | Context: Experimental electronic compositions,0
